LIBX,21270
SPAN,21259
FREN,21259
DVST,21269
DVSS,21269
TEGR,21247
GERM,21259
DVSP,21269
SPED,21247
GREK,21259
MUSW,21261
DVPT,21269
ODOC,21247
ITAL,21259
GMUS,21261
DVMT,21269
HRDO,21247
JAPN,21259
MUSR,21261
DVHS,21269
EDLD,21247
CHIN,21259
MUSP,21261
CISC,21270
DRSW,21265
ETLS,21248
PHED,21256
REAL,21242
ARAB,21259
SEIS,21270
GRSW,21265
DVDT,21269
CIED,21247
EGED,21248
MUSN,21261
EXSC,21256
BCOM,21242
ARTH,21240
BLAW,21279
CPSY,21272
CSMA,21243
GBEC,5988
GENG,21249
LATN,21259
ARHS,21240
BUSN,21242
BETH,21279
EDUC,21247
PSYC,21272
CATH,21243
THEO,21269
ENGR,21248
HLTH,21256
ECON,5988
ENGL,21249
SOWK,21265
MUSC,21261
CISC,21270
ACCT,2383
ACST,21283
AERO,21277
BIOL,21241
CHEM,21244
ENTR,21278
ENVR,21250
FAST,21251
FILM,21252
FINC,131478
GEOG,21254
GEOL,21255
HIST,21257
JPST,25829
LAWS,21271
MATH,21260
MGMT,21280
MKTG,21281
NSCI,21276
OPMT,21282
PHIL,21262
PHYS,21263
POLS,21264
SOCI,21266
THTR,21267
WMST,21268
COJO,21245